,Name,Brand Name,Technical Name,Category,Crop,Target,Dosage,Product Link
0,Lustre,Dhanuka,Flusilazole 12.5% + Carbendazim 25 % SE,Fungicides,Paddy | Groundnut | Chilli | Apple,"Sheath Blight | Stem rot, Early leaf spot, Late leaf spot | Powdery mildew (Leveillula taurica), Fruit rot (Alternaria solani), Die Back (Colletotrichum capsici) | Alternaria blotch (Alternaria mali) and Premature leaf fall (Marssonina coronaria)",384 ml | 384 ml | 384-400 ml | 65ml/100 litre,https://www.dhanuka.com/fungicide/lustre
1,Godiwa Super,Dhanuka,Azoxystrobin 18.2% + Difenoconazole 11.4% w/w SC,Fungicides,Paddy | Tomato | Chilli | Maize | Wheat,"Sheath blight, Blast | Early blight, Late blight | Anthracnose, Powdery Mildew | Blight, Downey Mildew | Powdery Mildew, Rust",200 ml | 200 ml | 200 ml | 200 ml | 200 ml,https://www.dhanuka.com/fungicide/godiwa-super
2,Conika,Dhanuka,Kasugamycin 5% + Copper Oxychloride 45% WP,Fungicides,Grapes | Paddy,"Anthracnose, bacterial leaf spot | Blast",300 g | 300 gm,https://www.dhanuka.com/fungicide/conika
3,Cursor,Dhanuka,Flusilazole 40% EC,Fungicides,Paddy | Chilli,Sheath Blight | Powdery Mildew,120 ml | 40-60 ml,https://www.dhanuka.com/fungicide/cursor
4,Kasu-B,Dhanuka,Kasugamycin 3% SL,Fungicides,Paddy,Blast of paddy,400-600 ml,https://www.dhanuka.com/fungicide/kasu-b
5,Sixer,Dhanuka,Carbendazim12%+ Mancozeb63%WP,Fungicides,Paddy | Groundnut | Potato | Grapes | Mango | Tea | Groundnut,"Blast | For seed treated groundnut- Tilkka, Leaf Spot, Collar Rot, Dry Root Rot | Late Blight. Early blight, Black Scurf | Powdery and Downy Mildew, Anthracnose | Anthranose, Powdery Mildew | Blister Blight, Grey Blight, Red Rot, Die Back, Black Rot | In Foliar spray groundnut - Leaf Spot And Blast",300 gm | 2.5 gm/ Kg Seed | 300 gm | 0.15 % ( Depending on the crop canopy) | 0.15 % ( Depending on the crop canopy) | 500-600 gm | 300 gm,https://www.dhanuka.com/fungicide/sixer
6,Fujita,Dhanuka,Isoprothiolane 40% EC,Fungicides,Paddy,Blast of paddy,300 ml,https://www.dhanuka.com/fungicide/fujita
7,Spectrum,Dhanuka,Azoxystrobin 11% + Tebuconazole 18.3% w/w SC,Fungicides,Apple | Onion | Chilli | Paddy,"Scab, Powdery Mildew & pre mature leaf fall disease | Purple Blotch | Anthracnose, Die Back | Blast of paddy, Sheath Blight",300 ml/ acre | 300 ml/ acre | 300 ml/ acre | 300 ml/ acre,https://www.dhanuka.com/fungicide/spectrum
8,Sheathmar,Dhanuka,Validamycin 3% L,Fungicides,Rice,Sheath blight,600-800 ml,https://www.dhanuka.com/fungicide/sheathmar
9,Vitavax Ultra,Dhanuka,Carboxin 17.5% + Thiram 17.5% FF,Fungicides,Wheat,Loose Smut,2-3 ml/ Kg Seed,https://www.dhanuka.com/fungicide/vitavax-ultra
10,Dhanuka M-45,Dhanuka,Mancozeb 75% WP,Fungicides,Paddy | Wheat | Potato | Tomato | Groundnut | Grapes | Chilli | Banana,"Blast | Brown and Black rust | Early and Late Blight | Early blight, Leaf spot | Tikka and rust | Downy mildew, Anthracnose | Fruit rot, Leaf spot | Sigatoka leaf spot",600-800 gm | 600-800 gm | 600-800 gm | 600-800 gm | 600-800 gm | 600-800 gm | 600-800 gm | 600-800 gm,https://www.dhanuka.com/fungicide/dhanuka-m-45
11,Vitavax Power,Dhanuka,Carboxin 37.5% + Thiram 37.5% WS,Fungicides,Wheat | Soybean | Groundnut | Cotton | Arhar,"Loose Smut, Flag smut, Krnal bunt, Common bunt, Stem & root blotch | Root rot, Collar rot, Pythium, Charcoal rot | Seed rot, Collar rot, Stem rot | Root rot, Bacterial Blight | Seed rot, Root rot, Stem rot, Fusarium wilt",3 gm/ kg seed | 3 gm/ kg seed | 3 gm/ kg seed | 3 gm/ kg seed | 3 gm/ kg seed,https://www.dhanuka.com/fungicide/vitavax-power
12,Dhanustin,Dhanuka,Carbendazim 50% WP,Fungicides,Paddy | Wheat | Groundnut | Pea | Cotton | Pumpkin |  |  |  | ,"Blast, Stem rot, False smut | Smut | Tikka disease | Powdery mildew | Root rot, Collar rot, Anthracnose, Leaf spot | Powdery mildew, Anthracnose |  |  |  | ",100 or 200 Seed treatment @2gm/kg seed | Seed treatment@ 2gm/kg seed | 90 gm | 100 gm | 100 gm | 120 gm |  |  |  | ,https://www.dhanuka.com/fungicide/dhanustin
13,Dhanucop,Dhanuka,Copper Oxychloride 50% WP,Fungicides,Potato | Tomato | Chilli | Cumin | Banana | Citrus | Grapes | Tea,"Early and Late Blight | Early blight, Late blight, Leaf spot | Leaf spot, Fruit rot | Blast | Leaf spot, Fruit rot | Canker, Fruit rot | Downy mildew | Blister blight, Black rot, Red rust","1 kg | 1 kg | 1 kg | 1 kg | 1 kg | 1 kg | 1 kg | 0.168 kg, 0.240 kg, 0.240 kg",https://www.dhanuka.com/fungicide/dhanucop
14,Hexadhan Plus,Dhanuka,Hexaconazole 5% SC,Fungicides,Paddy | Mango | Grapes,Sheath blight | Powdery mildew | Powdery mildew,0.2%or (200ml/100 lt. water) | 0.2% or (200 ml/100 lt. water) | 500-1000 ml,https://www.dhanuka.com/fungicide/hexadhan-plus
15,Zerox,Dhanuka,Propiconazole 25% EC,Fungicides,Wheat | Paddy | Groundnut | Tea | Soybean | Banana | Coffee,"Karnal Bunt, Brown rust, Black rust, Yellow rust | Sheath blight, Black dirty Grains | Tikka disease, Rust | Blister blight | Rust | Sigatoka leaf spots | Leaf rust",200 ml | 200 ml | 200 ml | 50-100 ml | 200 ml | 200 ml | 320 ml,https://www.dhanuka.com/fungicide/zerox
16,Kirari,Dhanuka,Amisulbrom 20% SC,Fungicides,Grapes | Potato,Downy Mildew | Late Blight of Potato,150 ml | 200 ml,https://www.dhanuka.com/fungicide/kirari
17,Nissodium,Dhanuka,Cyflufenamid 5% EW,Fungicides,Grapes | Chilli,Powdery Mildew | Powdery Mildew,200 ml | 120 ml,https://www.dhanuka.com/fungicide/nissodium
18,ZANET,Dhanuka,Thiophanate Methyl 38% + Kasugamicin 2.21% SC (W/W),Fungicides,Tomato | Tomato,Bacterial Leaf Spot | Powdery Mildew,400-500ml/acre | 400-500ml/acre,https://www.dhanuka.com/fungicide/zanet
19,Targa Super,Dhanuka,Quizalofop Ethyl 5% EC,Herbicides,Soybean | Cotton | Groundnut | Black Gram | Onion,"Echinochloa crus-galli, E. Colona, Eragrostis sp. | Echinochloa crus-galli, Echinochloa colona, Dinebra retroflexa, Digitaria marginata | Echinochloa colonum, Dinebra retroflexa, Dactyloctenium sp. | Eleusine indica, Dactyloctenium aegyptium, Digitaria sanguinalis, Eragrostis sp., Paspalidium sp., Echinochloa sp., Dinebra retroflexa | Digitaria sp., Eleusine indicia, Dactylocteniumaegyptium, Eragrostis sp.,",300-400 ml (for annual weeds) | 300-400 ml (for annual weeds) | 300-400 ml (for annual weeds) | 300-400 ml (for annual weeds) | 300-400 ml (for annual weeds),https://www.dhanuka.com/herbicide/targa-super
20,Sakura,Dhanuka,Quizalofop Ethyl 10% EC,Herbicides,Soybean,"Love grass (Eragrostis pilosa), Crab grass (Digitaria sanguinalis) wild finger/ Makra grass, Viper grass, Barnyard grass, sanwa/Samel, Brown top millet",150-180 ml,https://www.dhanuka.com/herbicide/sakura
21,Sempra,Dhanuka,Halosulfuron Methyl 75% WG,Herbicides,Sugarcane | Maize,Cyperus rotundus | Cyperus rotundus,36 gm | 36 gm,https://www.dhanuka.com/herbicide/sempra
22,Max-Soy,Dhanuka,Quizalofop-ethyl 10% EC,Herbicides,Soybean,"Digitaria Sanguinalis,Eragrostis Pilosa, Cynodon dactylon, Brown Top Millet, Alternanthra Spp, Celosia argentea, Echinochloa spp",150 ml,https://www.dhanuka.com/herbicide/max-soy
23,Chempa,Dhanuka,Pyrazosulfuron-Ethyl 70% WDG,Herbicides,Paddy,"Echinicloa spp, Cyperus rotundus, Ludwigia parviflora",12 gm,https://www.dhanuka.com/herbicide/chempa
24,Fenox,Dhanuka,Pinoxaden 5.1% Ec,Herbicides,Wheat,"Phalaris minor (Canary grass), Avena ludoviciana (Wild oat)",320 - 360ml,https://www.dhanuka.com/herbicide/fenox
25,Nabood,Dhanuka,Carfentrazone Ethyl 40% DF,Herbicides,Wheat | Direct seeded Rice,"Chenopodium album, Melilotus indica, Melilotus alba, Medicago denticulata, Lathyrus aphaca, anagallis arvensis, Vicia sativa, Circium arvense, Rumex sp, Malwa sp. | Ludwigia parviflora, Digera arvensis, Phyllanthus niruri, Spilanthes sp, Eclipta alba, Cyperus sp",20 gm | 25 gm,https://www.dhanuka.com/herbicide/nabood
26,Weedmar Super,Dhanuka,"2,4-D Amine Salt 58% SL",Herbicides,Sorghum | Maize | Wheat | Sugarcane | Potato | Aquatic Weeds Non crop area,"Cyperus iria, Digera arvensis, Convolvulus arvensis, Trianthema sp., Tridax procumbens, Euphorbia hirta, Phyllanthus niruri. | Trianthema monogyna, Amaranthus sp., Tribulus terrestris, Boerhaavia diffusa, Euphorbia hirta, Portulaca oleracea, Cyperus sp. | Chenopodium album, Fumaria parviflora, Melilotus alba, Vicia sativa, Asphodelus tenuifolius , Convolvulus arvensis . | Cyperus iria, Digitaria sp., Dactylactenium aegyptium, Digera arvensis, Portulaca oleracea, Commelina benghalensis, Convolvulus arvensis | Chenopodium album, Asphodelus tenuifolius, Anagallis arvensis, Convolvulus arvensis, Cyperus iria, Portulaca oleracea. | Eichhornia crassipes., Parthenium hysterophorus, Cyperus rotundus",600 ml | 600 ml | 300-500 ml | 300-500 ml | 500 ml | 600 ml,https://www.dhanuka.com/herbicide/weedmar-super
27,Ozone,Dhanuka,Paraquat Dichloride 24% SL,Herbicides,Tea | Potato | Cotton | Rubber | Paddy | Wheat | Grapes | Aquatic Weeds,"Imperata cylindrica, Seteria sp., Commelina benhgalensis, Boerhavia hispida, Paspalum conjugatum | Chenopodium sp., Angallis arvensis, Trianthema monogyna, Cyperus rotundus | Digera arvensis, Cyperus iria | Digitaria Sp., Eragrostis Sp., Fimbristylis Sp | Ageratum conyzoides, Commelina benghalensis, Echinochloa crusgalli, Panicum repens, Cyperus iria, Brachiaria mutoca | Grassy & Broadleaved weeds. | Cyperus rotundus, Cynodon dactylon, Convolvulus sp. portulaca sp. Tridax Sp. | Eichhonia crassipes, Hydrilla","340-1700 ml | 424-850 ml | 500-850 ml | 500-1000 ml | 850-1600 ml | 1700 ml | 1000 ml | 17000-1000, 1680 ml",https://www.dhanuka.com/herbicide/ozone
28,Dhanutop,Dhanuka,Pendimethalin 30% EC,Herbicides,Onion | Cotton | Soybean | Wheat | Paddy | Black gram | Green gram | Garlic,"Echinochloa, Euphorbia, Wild Amaranthus, Phyllanthus, etc | Echinochloa, Euphorbia, Wild Amaranthus, Phyllanthus, Paspalum, etc | Echinochloa, Euphorbia, Wild Amaranthus | Phalaris, Carnoplus, Poa, Chenopodium, Portuluca, Anagallis | Wild Rice, Echinochloa, Cyperus, Eclipta | Echinochloa, Euphorbia, Wild Amaranthus | Echinochloa, Euphorbia, Wild Amaranthus | Echinochloa, Euphorbia, Wild Amaranthus, Phyllanthus, etc",1.0 – 1.5 lt | 1.0 – 1.5 lt | 1.0 – 1.5 lt | 1.0 – 1.5 lt | 1.5 – 2.0 lt | 1.0 – 1.5 lt | 1.0 – 1.5 lt | 1.0 – 1.5 lt,https://www.dhanuka.com/herbicide/dhanutop
29,Craze,Dhanuka,Pretilachlor 50% EC,Herbicides,Paddy,"All narrow and broad leaf weeds- Echinochloa crusgalli, Echinochloa colonum Cyperusdifformis Cyperusiria Fimbristylismilliacea Eclipta alba Ludwigiapulviflora Leptochloachinensis Monochorea vaginalis Panicumrepens",500 ml,https://www.dhanuka.com/herbicide/craze
30,Barrier,Dhanuka,Metribuzin 70% WP,Herbicides,Sugarcane | Potato | Tomato | Soybean | Wheat,"Cyperus rotundus, Cynodon dactylon, Asphodelus fistulosus, Chenopodium, Convolvulus arvensis, Portulaca oleracea, Anagallis arvensis, Chichoriumintbus, Echinochloa colorium, Dactyloctenium aegyptium, Pacherium hysterophorus, Commelina spp. | Chenopodium album, Trianthema monogyna, Parthenium hysterophorus, Fumaria parviflora, Melilctus spp. Phalaris minor | Trianthema portulacastrum, Dactyloctanium aagypticulam, Gyanandropsis pentaphylis, Amaranthus viridis, Portulaca oleracea, Digera arvensis, Euphorbia frustratea, Echinochloa colonum, Ageratum conyzoides, Eleusine india, Seteria glauca, Commelina benghalensis | Digitaria spp., Cyperus esculentus, Cyperus campestris, Borreria spp., Eragrostis spp | Phalaris minor, Chenopodium album, Melilotus spp.",400 ml | 300 ml | 300 ml | 300 ml | 100 ml,https://www.dhanuka.com/herbicide/barrier
31,Noweed,Dhanuka,Glyphosate 41% SL,Herbicides,Tea | Open Fields,All types of narrow and broad leaves | Different types of weeds,0.8 to 1.2 ltr | 0.8 to 1.2 ltr,https://www.dhanuka.com/herbicide/noweed
32,Dabooch,Dhanuka,Diclosulam 84% WDG,Herbicides,Soybean | Groundnut,"Cyperus spp, Commelina benghalensis, Euphorbia geniculata, Digera arvensis, Acylipha spp, Echinochloa colona | Amaranlhus viridis, Parthenium hysterophorus, Trianthema sp., Euphorbia geniculate, Cyperus spp., Echinochloa colona",12.4 gm per acre | 12.4 gm per acre,https://www.dhanuka.com/herbicide/dabooch
33,Dozo Maxx,Dhanuka,Pyrithiobac Sodium 6% EC w/w+ Quizalofop-ethyl 4% EC w/w MEC,Herbicides,Cotton,"Trianthema spp, Digera spp, Celosia argentea, Dinebra retroflexa, Digitaria marginata",450 ml per acre,https://www.dhanuka.com/herbicide/dozo-maxx
34,Onekil,Dhanuka,Quizalofop-ethyl 4% + Oxyfluorfen 6% EC,Herbicides,Onion,"Echinochloa sp., Eleusine indica, Digitaria sp. (Narrow Leaf Weeds); Trianthema sp., Amaranthus spp, Portulaca sp., Euphorbia sp., Anagallis arvensis, Chenopodium album (Broad Leaf Weeds)",400 ml,https://www.dhanuka.com/herbicide/onekil
35,Tornado,Dhanuka,Quizalofop ethyl 7.5% + Imazethapyr 15% EC,Herbicides,Groundnut,"Dactyloctenium aegyptium, Digitaria spp., Echinochloa spp., Commelina benghalensis, Digera arvensis, Cyperus difformis",175 ml,https://www.dhanuka.com/herbicide/tornado
36,Cornex,Dhanuka,Halosulfuron methyl 5% + Atrazine 48% WG,Herbicides,Maize,"Cyperus rotundus, major broad leaf and major narrow leaf weeds",450 gm/ Acre,https://www.dhanuka.com/herbicide/cornex
37,Foster,Dhanuka,Cyflumetofen 20.00% SC,Insecticides,Tea,Red Spider Mites,250-300 ml,https://www.dhanuka.com/insecticide/foster
38,Mortar,Dhanuka,Cartap Hydrochloride 75% SG,Insecticides,Paddy,Stem borer & Leaf Folder,170-200 gm,https://www.dhanuka.com/insecticide/mortar
39,D-One,Dhanuka,Sulfoxaflor 21.8% w/w SC,Insecticides,Paddy | Cotton,"BPH, WBPH | White fly, Jassid , Aphids , Mealybug",150 ml | 150 ml,https://www.dhanuka.com/insecticide/d-one
40,Fax Sc,Dhanuka,Fipronil 5% SC,Insecticides,Rice | Cabbage | Chilli | Sugarcane | Cotton,"Stem borer, Brown plant hopper, Green leaf hopper, Rice leaf hopper, Rice gall midge, Whorl maggot, White backed plant hopper | Diamond back moth | Thrips, Aphids, Fruit borers | Early shoot borer &root borer | Aphid, Jassid, Thrips, White fly, Boll worms",400-600 ml | 320-400 ml | 400 ml | 600-800 ml | 600-800 ml,https://www.dhanuka.com/insecticide/fax-sc
41,Ad-fyre,Dhanuka,Imidacloprid 70% WG,Insecticides,Cotton | Rice | Okra | Cucumber,"Jassids, Aphids, Thrips | Brown Plant Hoppers, White Backed Plant hoppers | Jassids, Aphids, Thrips | Aphids & Jassids",12-14 gm | 12-14 gm | 12-14 gm | 14 gm,https://www.dhanuka.com/insecticide/ad-fyre
42,Areva,Dhanuka,Thiamethoxam 25% WG,Insecticides,Rice | Cotton | Okra | Mango | Wheat | Mustard | Tomato | Brinjal | Tea |  | ,"Stem borer, Gall midge, Leaf folder, WBPH, BPH, GLH, Thrips | Jassid, Aphid, Thrips, White Flies (WF) | Jassid, Aphid, White flies | Hopper | Aphid | Aphid | White flies | White flies | Mosquito bug |  | ","40 gm | 40 gm, 80 gm (WF) | 40 gm | 4 gm/ 15 ltr | 20 gm | 20-40 gm | 80 gm | 80 gm | 40 gm |  | ",https://www.dhanuka.com/insecticide/areva
43,Apple,Dhanuka,Buprofezin 25% SC,Insecticides,Cotton | Rice | Chilli | Mango | Grape,"White Fly, Aphid, Jassid, Thrip | BPH, GLH,WBPH | Yellow Mite | Hopper | Mealy bug",400 ml | 320 ml | 120-240 ml | 1-2 ml/ lit of water | 400-600 ml,https://www.dhanuka.com/insecticide/apple
44,EM-1,Dhanuka,Emamectin Benzoate 5% SG,Insecticides,Cotton | Okra | Cabbage & Cauliflower | Chilli | Brinjal | Red gram | Chickpea | Grapes | Tea,"Boll worms | Fruit & Shoot Borer | DBM | Fruit borer, Thrips &Mites | Fruit and Shoot borer | Pod borer | Pod borer | Thrips | Tea looper",76-88 gm | 54-68 gm | 60-80 gm | 80 gm | 80 gm | 88 gm | 88 gm | 88 gm | 80 gm,https://www.dhanuka.com/insecticide/em-1
45,Areva Super,Dhanuka,Thiamethoxam 30% FS,Insecticides,Cotton | Sorghum | Wheat | Soybean | Chilli | Okra | Maize | Sunflower,"Aphids, whiteflies, Jassids | Shoot fly | Termites | Shoot fly | Thrips | Jassids | Stem Fly | Jassids, Thrips",4 ml/ kg seed | 4 ml/ kg seed | 1.32 ml/ kg seed | 4 ml/ kg seed | 2.8 ml/ kg seed | 2.28 ml/ kg seed | 3.2 ml/ kg seed | 4 ml/ kg seed,https://www.dhanuka.com/insecticide/areva-super
46,Domar,Dhanuka,Dinotefuran 20.00% SG,Insecticides,Rice | Cotton,"Brown plant Hopper | White Fly, Jassids, Aphids & Thrips",60-80 gm | 50-60 gm,https://www.dhanuka.com/insecticide/domar
47,Apply,Dhanuka,Pymetrozine 50% WG,Insecticides,Paddy,Brown Plant Hoppers,120g,https://www.dhanuka.com/insecticide/apply
48,Markar,Dhanuka,Bifenthrin 10% EC,Insecticides,Cotton | Paddy | Sugarcane,"Boll worm, Whitefly | Stem Borer, Leaf Folder & Green Leaf hopper | Termites",320 ml | 200 ml | 400 ml,https://www.dhanuka.com/insecticide/markar
49,Largo,Dhanuka,Spinetoram 11.7% SC,Insecticides,Cotton | Soyabean | Chilli,"Thrips, Spotted boll worm; Tobacco caterpillar | Tobacco caterpillar | Thrips, Fruit borer, Tobacco caterpillar",168-188 ml | 180 ml | 188-200 ml,https://www.dhanuka.com/insecticide/largo
50,Media Super,Dhanuka,Imidacloprid 30.5% SC,Insecticides,Cotton | Paddy,"Aphid, Jassid, Thrips | BPH & WBPH",24-30 ml | 24-30 ml,https://www.dhanuka.com/insecticide/media-super
51,Omite,Dhanuka,Propargite 57% EC,Insecticides,Brinjal | Chilli | Apple | Tea,"Two spotted spider mite | Mite | Red mite, Two spotted spider mite | Red mite, Pink mite, Purple mite, Scarlet mite",400 ml | 600 ml | 0.5 ml/litere water or 5- 10 ml/ tree | 300-500 ml,https://www.dhanuka.com/insecticide/omite
52,Cover Gr,Dhanuka,Chlorantraniliprole/Rynaxypyr 0.4% GR,Insecticides,Paddy | Sugarcane,"Yellow stem borer & leaf folder | Early shoot borer, top borer.",4 Kg | 7.5 Kg,https://www.dhanuka.com/insecticide/cover-gr
53,Cover Liq,Dhanuka,Chlorantraniliprole 18.5% w/w SC,Insecticides,Paddy | Cotton | Cabbage | Sugarcane | Tomato | Chilli | Brinjal | Pigeon pea | Soyabean |  |  |  | ,"Stem borer, leaf folder | American bollworm, Spotted bollworm, | Diamond back moth | Termite (T), Early Shoot Borer (ESB), Top Borer (TB) | Fruit Borer | Fruit Borer | Shoot & Fruit borer | Pod borer | Green Semi looper, Stem fly, Girdle beetle |  |  |  | ","60 ml | 60 ml | 20 ml | 200-250 ml, 150 ml | 60 ml | 60 ml | 80 ml | 60 ml | 60 ml |  |  |  | ",https://www.dhanuka.com/insecticide/cover-liq
54,Pager,Dhanuka,Diafenthiuron 50% WP,Insecticides,Cotton | Cabbage | Chilli | Brinjal | Cardamom | Citrus,"Whiteflies, Aphids, Thrips, Jassids | Diamond Back Moth | Mites | Whitefly | Thrips, Capsule borer | Mites",240 gm | 240 gm | 240 gm | 240 gm | 320 gm | 2.0 gm / Lit,https://www.dhanuka.com/insecticide/pager
55,Caldan 4G,Dhanuka,Cartap Hydrochloride 4% G,Insecticides,Paddy,"Leaf folder, Stem borer, Whorl maggot",7.5 - 10 kg,https://www.dhanuka.com/insecticide/caldan-4g
56,Caldan 50 SP,Dhanuka,Cartap Hydrochloride 50% SP,Insecticides,Paddy,"Leaf folder, Stem borer, Whorl maggot",400 g,https://www.dhanuka.com/insecticide/caldan-50-sp
57,Superkiller  25%EC,Dhanuka,CYPERMETHRIN 25% EC,Insecticides,Cotton | Sugarcane | Maize | Groundnut | Cabbage & Cauliflower | Okra | Brinjal | Mustard,"Pink Boll Worm of Cotton, American Boll Worm | Early Shoot Borer | Hairy Caterpillar | Hairy Caterpillar | Diamond Back Moth of Cabbage | Okra fruit infested by Fruit Borer | Shoot and Fruit Borer, Epitechna Beetle Grub and Adults | Sawfly, Aphids",90-120ml | 90-120ml | 100-120ml | 100-120ml | 100-120ml | 100-120ml | 90-120ml | ,https://www.dhanuka.com/insecticide/superkiller-25-ec
58,Superkiller 10%EC,Dhanuka,CYPERMETHRIN 10% EC,Insecticides,Cotton | Sugarcane | Maize | Groundnut | Cabbage & Cauliflower | Okra | Brinjal | Mustard,"Spotted Boll Worm, American Boll Worm, Pink Boll Worm | Early Shoot Borer | Hairy Caterpillar | Hairy Caterpillar | Diamond Back Moth (DBM) | Shoot and Fruit Borer | Shoot and Fruit Borer, Epitechna Beetle Grub and Adults | Sawfly, Aphids",220-300ml | 220-300ml | 250-300ml | 250-300ml | 250-300ml | 250-300ml | 220-300ml | 220-300ml,https://www.dhanuka.com/insecticide/superkiller-10-ec
59,Deva Shakti,Dhanuka,Lambda-cyhalothrin 5% EC,Insecticides,Cotton | Paddy | Brinjal | Tomato | Chilli | Pigeon pea | Onion | Okra | Chick pea | Groundnut | Mango,"Bollworms, Jassids, thrips | Leaf folder, Stem borer, GLH, Gall midge, Hispa, Thrips | Shoot and Fruit borer | Fruit Borer | Thrips, mite, pod borer | Pod Borer, Pod | Thrips | Jassids, Shoot borer | Pod borer | Thrips, leaf hopper, leaf minor | Hopper",150-200 ml | 100 ml | 150 ml | 150 ml | 150 ml | 150-200 ml | 150 ml | 150 ml | 200 ml | 100 -150 ml | 0.5-1 ml per litre of water,https://www.dhanuka.com/insecticide/deva-shakti
60,Dhanulux,Dhanuka,Quinalphos 25% EC,Insecticides,Cotton | Paddy | Soybean | Brinjal,"Bollworm | Stem borer, Leaf Folder, Hispa Green, Leaf Hopper | Stem borer, Girdle beetle, Leaf Miner | Shoot and Fruit Borer, Epilachna Beetle",600-800 ml | 500 ml | 250 ml | 500 ml,https://www.dhanuka.com/insecticide/dhanulux
61,Media,Dhanuka,Imidacloprid 17.8% SL,Insecticides,Cotton | Sugarcane | Paddy | Chilli | Okra | Mango | Tea | Tomato | Brinjal,"Aphids, Whitefly, Thrips, Jassids | Termite | Green Plant Hopper, Brown Plant Hopper, White Backed Plant Hopper | Aphis, Whitefly, Thrips | Thrips, Aphids, Whitefly | Hopper | Mosquito Bug (Helipeltis) | Thrips, Aphids, Whitefly | Thrips, Aphids, Whitefly",60-90 ml | 1.5-2 ml/lit of water. Spray the solution on setts kept in seed furrow and cover with soil | 90-120 ml | 100 ml | 100 ml | 2-4 ml / 10 lit of water | 2.5 ml /lit of water | 100 ml | 100 ml,https://www.dhanuka.com/insecticide/media
62,Aaatank,Dhanuka,Carbosulfan 25% EC,Insecticides,Brinjal | Cumin | Paddy | Cotton | Groundnut | Chilli | Other vegetables | Mango | Litchi,"Shoot and fruit borer, Aphids | Aphids | Stem borer, Leaf folder, Green leaf Hopper, White Back plant Hopper, Brown plant Hopper | Aphids, | Aphids, Thrips | Aphids, Thrips | Aphids, Thrips | Jassids | Fruit borer",300-400 ml | 300-400 ml | 320-400 ml | 300-400 ml | 300-400 ml | 400 ml | 300-400 ml | 400-600 ml | 400 ml,https://www.dhanuka.com/insecticide/aaatank
63,Dhanpreet,Dhanuka,Acetamiprid 20% SP,Insecticides,Cotton | Chilli | Okra | Coriander | Green gram | Mustard | Citrus | Tea | Black gram | Cumin |  |  |  | ,"Jassids, Thrips, Aphids, Whitefl | Thrips, Aphids and Whitefly | Jassids, Thrips, Aphids, Whitefly | Thrips, Aphids | White fly, Jassids | Aphids | Citrus cilla / White fly, Aphids | Mosquito bug (Helopeltis) | White fly, Jassids | Thrips, Aphids |  |  |  | ","40-60 gm, 60-80 gm | 40-60 gm, 60-80 gm | 40-60 gm, 60-80 gm | 40-60 gm | 40-60 gm | 40-60 gm | 60-80 gm | 50 gm | 40-60 gm | 40-60 gm |  |  |  | ",https://www.dhanuka.com/insecticide/dhanpreet
64,Jackal,Dhanuka,Lambda-cyhalothrin 4.9% CS,Insecticides,Cotton | Paddy | Brinjal | Okra | Tomato | Grapes | Chilli | Soybean,"Bollworms | Stem borer, Leaf folder | Shoot and fruit borer | Fruit Borer | Fruit Borer | Thrips and Flea | Thrips and pod borer | Stemfly and semilooper",500 ml | 250 ml | 300 ml | 300 ml | 300 ml | 250 ml | 500 ml | 300 ml,https://www.dhanuka.com/insecticide/jackal
65,Ripple,Dhanuka,Thiamethoxam 75% W/ WSG,Insecticides,Groundnut | Sugarcane | Rice | Cotton,"Termite | Termite, Early Shoot Borer | Green Leaf hopper, Brown Plant Hopper | Jassids, Thrips",50 gm | 64 gm | 60 gm (Dissolve in 200 L of water and mix with 8 Kg sand/acre) | 50 gm,https://www.dhanuka.com/insecticide/ripple
66,Zapac,Dhanuka,Thiamethoxam 12.6% + Lambda-cyhalothrin 9.5% ZC,Insecticides,Cotton | Tea | Tomato | Maize | Chilli | Groundnut | Soybean,"Jassids, Aphids, Thrips, Bollworms | Tea mosquito bug, Thrips, Semilooper | Thrips, Whiteflies & Fruit borer | Aphids, Shoot fly, Stem borer | Thrips, Fruit borer | Leaf hopper, Leaf eating caterpillar | Stem fly, Semilooper, Girdle beetle",80 ml | 60 ml | 50 ml | 50 ml | 60 ml | 60 ml | 50 ml,https://www.dhanuka.com/insecticide/zapac
67,Decide,Dhanuka,Etofenprox 6% + Diafenthiuron 25% WG,Insecticides,Chilli,"Mites, Thrips and Whitefly",500 grams/acre,https://www.dhanuka.com/insecticide/decide
68,Wetcit,Dhanuka,Efficacy Enhancer with Orange Oil Extract,Plant Growth Regulators,Cotton | Paddy | Wheat | Maize | Potato | Tomato | Chilli | Leafy vegetables (Spinach) | Garlic | Groundnut |  |  |  |  |  |  |  |  |  |  |  |  | ,"With recommended Herbicides, Insecticides, Fungicides or PGR | With recommended Herbicides, Insecticides, Fungicides or PGR | With recommended Herbicides, Insecticides, Fungicides or PGR | With recommended Herbicides, Insecticides, Fungicides or PGR | With recommended Herbicides, Insecticides, Fungicides or PGR | With recommended Herbicides, Insecticides, Fungicides or PGR | With recommended Herbicides, Insecticides, Fungicides or PGR | With recommended Herbicides, Insecticides, Fungicides or PGR | With recommended Herbicides, Insecticides, Fungicides or PGR | With recommended Herbicides, Insecticides, Fungicides or PGR |  |  |  |  |  |  |  |  |  |  |  |  | ",150 ml | 150 ml | 150 ml | 150 ml | 150 ml | 150 ml | 150 ml | 150 ml | 150 ml | 150 ml |  |  |  |  |  |  |  |  |  |  |  |  | ,https://www.dhanuka.com/plant-growth-regulators/wetcit
69,Suelo,Dhanuka,Soil Enhancer with Orange Oil Extract,Plant Growth Regulators,Chilli | Perennial Orchard crops | Orchard crops | Tomato | Okra | Vegetables | Brinjal,"At root development within 1-2 weeks after sowing or transplanting | In spring just before the new growth cycle | 1st time you apply SUELO in an orchard, double the application rate | At root development within 1-2 weeks after sowing or transplanting | At root development within 1-2 weeks after sowing or transplanting | At root development within 1-2 weeks after sowing or transplanting | At root development within 1-2 weeks after sowing or transplanting",2 Ltr | 2 Ltr | 4 Ltr | 2 ltr | 2 ltr | 2 ltr | 2 ltr,https://www.dhanuka.com/plant-growth-regulators/suelo
70,Maxyld,Dhanuka,Gibberellic Acid 0.001%,Plant Growth Regulators,Cotton | Paddy | Potato | Tomato | Brinjal | Groundnut | Banana | Grapes |  |  |  |  | ,"At the time of boll development | At the time of 2-5% of Grain Formation | 60-70 days after planting | Fruit Formation and Development stage | Initiation of Fruiting and Fruit Develp. stage | Pod Development | 3rd month, 5th month and at Fruit formation | At development of fruit and match head stage |  |  |  |  | ",75 ml | 75 ml | 75 ml | 75 ml | 200 ml | 75 ml | 115 ml | 75 ml |  |  |  |  | ,https://www.dhanuka.com/plant-growth-regulators/maxyld
71,Dhanvarsha,Dhanuka,,Plant Growth Regulators,Cotton | Paddy | Wheat | Maize | Potato | Tomato | Vegetables | Leafy vegetables (Spinach) |  |  |  |  |  |  |  |  |  |  |  |  |  |  |  | ,20-25 day after sowing / Square Formation | 7 days before transplanting in Nursery / Panicle | 12-15 days after sowing / Booting Stage | 4-6 Leaf Stage / 20-22 days after first spray | 30-35 and 50-55 days after planting | 12-15 days after Transplanting and at Flowering stage | 6-8 leaf stage and till Flowering stage | 6-8 leaf stage and every alternate spray after7 days of picking |  |  |  |  |  |  |  |  |  |  |  |  |  |  |  | ,300 ml | 300 ml | 300 ml | 300 ml | 300 ml | 300 ml | 300 ml | 300 ml |  |  |  |  |  |  |  |  |  |  |  |  |  |  |  | ,https://www.dhanuka.com/plant-growth-regulators/dhanvarsha
72,Dhanzyme Gold Granules,Dhanuka,,Plant Growth Regulators,Paddy | Wheat | Sugarcane | Coriander and Carrot | Soybean | Potato | Cabbage & Cauliflower | Tomato | Brinjal | Chilli | ,First application - 20-25 days after transplanting Second application - 55-60 days after transplanting | First application - 30-35 days after sowing Second application - 50-60 days after sowing | First application - 30-60 days after sowing of setts Second application - 90 days after sowing of setts | First application - 10-15 days after sowing/ transplanting Second application - 20-30 days after first application | First application - at the initiation of flowers Second application - 30 days after first application | First application - after sowing Second application - after 40-50 days after sowing | First application - 10-15 days after sowing/ transplanting Second application - 20-30 days after first application | First application - 10-15 days after sowing/ transplanting Second application - 20-30 days after first application | First application - 10-15 days after sowing/ transplanting Second application - 20-30 days after first application | First application - 10-15 days after sowing/ transplanting Second application - 20-30 days after first application | ,5 kg | 5 kg | 5 kg | 5 kg | 5 kg | 5 kg | 5 kg | 5 kg | 5 kg | 5 kg | ,https://www.dhanuka.com/plant-growth-regulators/dhanzyme-gold-granules
73,Dhanzyme Gold Liq,Dhanuka,,Plant Growth Regulators,Paddy | Wheat | Sugarcane | Cabbage & Cauliflower | Soybean | Potato | Groundnut |  |  |  |  |  |  | ,One spray – At primary stage of ears formation | One spray – At 4-5 leaf stage | Two spray – After 60 days and 90 days of sowing of setts. | Two sprays – First at leaf stage and at the fruit initiation. | One spray – At 6-8 trifoliate leaf stage. | One spray – At 6-8 leaf stage. | One spray – After 40 days of sowing. |  |  |  |  |  |  | ,200 ml | 200 ml | 250 ml | 200 ml | 200 ml | 200 ml | 200 ml |  |  |  |  |  |  | ,https://www.dhanuka.com/plant-growth-regulators/dhanzyme-gold-liq
74,Mycore,Dhanuka,Arbuscular Mycorrhizal Fungi,Plant Growth Regulators,Paddy | Wheat | Tomato | Sugarcane | Chili | Onion | Potato | Soybean |  | ,20-25 Days After Transplanting | 20-25 Days After Sowing | 10-15 Days After Sowing/ Transplanting | First Application - At the time of Sowing Second Application - 40-60 Days After Sowing | First Application - 10-15 Days After Sowing/ Transplanting Second Application - 20-30 Days After First Application | 10-15 Days After Sowing/ Transplanting | First Application - At the time of sowing Second Application -20-25 Days After Sowing | At the time of sowing |  | ,4 kg | 4 kg | 4 kg | 8 Kg | 8 Kg | 4 kg | 8 kg | 4 Kg |  | ,https://www.dhanuka.com/plant-growth-regulators/mycore
