,Name,Brand Name,Technical Name,Category,Crop,Target,Dosage,Product Link
0,Ceasemite,Indofill,Propargite 42% +Hexythiazox 2% EC,Acaricides,Tea,Red spider mite,1250,https://www.indofil.com/agro//acaricides/ceasemite
1,Mitex,Indofill,Propargite 57% EC,Acaricides,Tea,"Red spider mite, Pink Mite, Purple mite, Scarlet Mite",750-1250,https://www.indofil.com/agro//acaricides/mitex
2,Avtar,Indofill,Hexaconazole 4 % + Zineb 68 % WP,Fungicides,Paddy | Tea | Apple | Maize | Cotton,"Sheath Blight, Brown Spot, Blast, Grain Discoloration | Black Rot, Grey Blight, Blister Blight | Scab, Premature Leaf Fall, Alternaria Leaf Spot/ Blight, Powdery Mildew, Core Rot | Maydis Leaf Blight ,  Turcicum Blight | Leaf Spots, Boll rot",1000-1250 | 625 | 0.25 %  or 25 gm /10 liters water | 1250 | 1250,https://www.indofil.com/agro//fungicides/avtar
3,Baan Gold,Indofill,Tricyclazole 70 % WG,Fungicides,Paddy,Blast (Leaf & Neck),300,https://www.indofil.com/agro//fungicides/baan-gold
4,Benfil,Indofill,Carbendazim 50% WP,Fungicides,Rice | Maize | Moong | Powdery mildew | Cotton | Groundnut | Sugar beet | Peas | Cluster bean | Cucurbits | Peas | Brinjal | Apple | Grapes | Tobacco,"Blast, Sheath Blight | Brown Spot | Leaf spot, Web Blight | 500 | Leaf spot | Tikka Leaf spot | Leaf spot, powdery mildew | Powdery mildew | Powdery mildew | Powdery mildew, Anthracnose | Leaf spot, collar rot, anthracnose, Powdery mildew | Leaf spot, Fruit rot | Scab | Anthracnose | Frog eye spot, Anthracnose",250-500 | 350 | 250-500 | 750 | 250 | 225 | 200 | 250 | 350 | 300 | 300 | 300 | 2.5 | 300 | 225,https://www.indofil.com/agro//fungicides/benfil
5,Captra,Indofill,Captan 50% WP,Fungicides,Tomato | Potato | Grapes | Apple | Cherry,Early blight & Late blight | Early blight & Late blight | Downy Mildew | Scab | Brown Rot,2.5 | 2.5 | 2.5 | 2.5 | 2.5,https://www.indofil.com/agro//fungicides/captra
6,Companion,Indofill,Mancozeb 63% + Carbendazim 12%  WP,Fungicides,Groundnut | Paddy | Potato | Tea | Grapes | Mango,"Leaf spot and rust | Blast | Early blight, Late blight & Black Scurf | Blister blight, Grey Blight, Red rust, Die-back, Black Rot | Downy mildew, Powdery mildew, Anthracnose | Powdery mildew, Anthracnose",500 | 750 | 1750 | 1250-1500 | 0.15% | 0.15%,https://www.indofil.com/agro//fungicides/companion
7,Debut,Indofill,Difenoconazole 25% EC,Fungicides,Apple | Paddy (Rice) | Chilli | Cumin | Onion | Pomegranate | Grape | Groundnut,"Scab | Sheath blight | Die-back, Fruit rot | Blight,
			Powdery mildew | Purple blotch | Fruit rot | Anthracnose, Powdery mildew | Leaf spot","0.015% or 15ml/100 ltr.water | 0.05% or 50
			ml/100 ltr. water | 0.05% or 50
			ml/100 ltr. water | 0.05% or 50
			ml/100 ltr. water | 0.1% or
			100 ml/100 ltr.. water | 0.1% or
			100 ml/100 ltr. water | 0.03% or 30ml/100 ltr. of water | 0.1% or 100 ml/100 ltr. water",https://www.indofil.com/agro//fungicides/debut
8,Dhan,Indofill,Propiconazole 25% EC,Fungicides,Wheat | Rice | Groundnut,"Karnal Bunt, Leaf rust/ Brown Rust / Stem Rust/ Black Rust / Yellow Rust | Sheath Blight | Early Leaf Spot, Late Leaf Spot, Rust",500 | 500 | 500,https://www.indofil.com/agro//fungicides/dhan
9,Iglare,Indofill,Thifluzamide 24 % SC,Fungicides,Paddy | Tomato | Potato,Sheath Blight | Early Blight | Black Scurf (As seed treatment),375 | 500 | 2.5 ml/10kg potato Tuber. Used as seed treatment in potato,https://www.indofil.com/agro//fungicides/iglare
10,Impression,Indofill,Tricyclazole 45 % + Hexaconazole 10 % WG,Fungicides,Paddy,Blast & Sheath Blight,500,https://www.indofil.com/agro//fungicides/impression
11,Indofil M-45,Indofill,Mancozeb 75% WP,Fungicides,"Wheat | Maize | Paddy | Jowar | Potato | Tomato | Chillies | Fruit rot, Ripe rot, Leaf spot | Onion | Tapioca | Ginger | Sugar beet | Cauliflower | Groundnut | Soybean | Black Gram | Apple | Grapes | Guava | Banana | Watermelon","Brown rust, Black rust | Leaf Blight, Downy mildew | Blast | Leaf spot | Early blight & Late blight | Late Blight, Buck eye rot, Leaf spot | Damping Off | 1.5-2 | Leaf Blight | Leaf spot | Yellow disease | Leaf spot | Collar rot | Tikka leaf spot, rust | Rust | Leaf spot | Scab, Sooty Blotch, Black Rot, Fly speck | Angular Leaf spot, Downy Mildew, Anthracnose | Fruit rot, Ripe rot, Leaf spot | Cigar end rot, Tip rot, Sigatoka leaf spot | Anthracnose",1.5-2 | 1.5-2 | 1.5-2 | 1.5-2 | 1.5-2 | 1.5-2 | 3gm (Soil drench) | 750 | 1.5-2 | 1.5-2 | 600gm (12-14 Quintals) | 1.5-2 | 3gm (after seed germination) | 1.5-2 | 1.5-2 | 1.5-2 | 30gm/tree | 1.5-2 | 20gm/Tree | 1.5-2 | 1.5-2,https://www.indofil.com/agro//fungicides/indofil-m-45
12,Indofil Z-78,Indofill,Zineb 75% WP,Fungicides,Jowar | Paddy | Wheat | Maize | Ragi | Tobacco | Onion | Potato | Tomato | Chilli | Brinjal | Cucurbits | Cauliflower | Cumin | Apple | Citrus | Cherries | Grapes | Guava,"Red Leaf Spot, Leaf Spot, Leaf Blight | Blast | Rust, Blight | Leaf Blight | Blast | leaf Spot | Downy Mildew, Blight | Early Blight, Late Blight | Early Blight, Late Blight, Grey Leaf Mould | Fruit Rot, Leaf Spot | Blight | Downy Mildew, Anthracnose, Leaf Spot | Leaf Spot | Early Blight | Scab, Black Rot | Greasy Spot | Leaf Spot | Downy Mildew | Fruit Rot",1500-2000 | 1500-2000 | 1500-2000 | 1500-2000 | 1500-2000 | 1500-2000 | 1500-2000 | 1500-2000 | 1500-2000 | 1500-2000 | 1500-2000 | 1500-2000 | 1500-2000 | 1500-2000 | 1500-2000 | 1500-2000 | 1500-2000 | 1500-2000 | 1500-2000,https://www.indofil.com/agro//fungicides/indofil-z-78
13,Indofils Baan,Indofill,Tricyclazole 75 % WP,Fungicides,Paddy | Paddy,Blast - Panicle & Leaf - ( Foliar Spray) | Blast  (seed Treatment ),300-400 g/ha | 30/10kg seed,https://www.indofil.com/agro//fungicides/indofils-baan
14,Itwin,Indofill,Cymoxanil 50% WP,Fungicides,Grapes,Downy mildew,240 g/100 lt water,https://www.indofil.com/agro//fungicides/itwin
15,Manfil WG,Indofill,Mancozeb 75% WG,Fungicides,Potato | Tomato | Apple,"Late Blight | Early Blight | Scab, Pre- Mature leaf fall, Alternaria leaf spot/ Blight, Sooty Blotch",1000 | 1000 | 25-30/tree,https://www.indofil.com/agro//fungicides/manfil-wg
16,Matco Maxx,Indofill,Métalaxyl 35% WS,Fungicides,Sorghum | Maize | Bajra | Mustard | Sunflower,"Downy Mildew | Maize Downy Mildew,
			Sugarcane Downy Mildew | Downy Mildew | White Rust | Downy Mildew",600 g/100 kg of seed | 700 g/100 kg of seed | 600 g/100 kg of seed | 600 g/100 kg of seed | 600 g/100 kg of seed,https://www.indofil.com/agro//fungicides/matco-maxx
17,Matco,Indofill,Metalaxyl 8% Mancozeb 64% WP,Fungicides,"Grapes | Tobacco
			Nursery | Leaf Bligh, Black Shank | Potato | Mustard | Black Pepper | Pearl Millet",Downy Mildew | Damping Off | 2000 | Late Blight | White Rust and Alternaria Blight | Phytophthora foot rot | Downy Millet,2500 | 5000 | 1000 | 2500 | 2500 | 2.5g/Vine | 2000,https://www.indofil.com/agro//fungicides/matco
18,Merger,Indofill,Tricyclazole 18 % + Mancozeb 62 % WP,Fungicides,Paddy | Chilli,"Brown Spot (Helminthosporium oryzea), Blast (Pyricularia oryzea), Grain Disoloration (Helminthosporium, Rhizoctonia, Pryicularia, Alternaria) | Cercospora Leaf Spot , Alternaria Leaf Spot , Fruit Rot",1000-1250 | 1250,https://www.indofil.com/agro//fungicides/merger
19,Moximate,Indofill,Cymoxanil 8% + Mancozeb 64% WP,Fungicides,Grapes | Tomato | Potato | Citrus,Downy Mildew | Late Blight | Late Blight | Gummosis (Foot rot),1500 -2000 | 1500 | 1500 | 250 g/100 l of water+25g/l of water of linseed oil,https://www.indofil.com/agro//fungicides/moximate
20,Noor,Indofill,Dodine 65% WP,Fungicides,Apple,Scab,0.08%,https://www.indofil.com/agro//fungicides/noor
21,Plumage,Indofill,Azoxystrobin 18.2 % w/w + Difenoconazole 11.4% w/w SC,Fungicides,Cotton | Sugarcane | Wheat | Tomato | Paddy | Onion | Maize | Chilli | Turmeric,"Leaf spot & Grey mildew | Red rot, Smut & Rust | Rust & Powdery mildew | Early blight & Late blight | Blast & sheath blight | Purple blotch, Stemphylium blight & Downy mildew | Blight & Downy mildew | Anthracnose, Powdery mildew | Leaf blotch, Leaf spot & Rhizome rot",0.1% or 1ml/ lt of water | 0.1% or 1ml/ lt of water | 0.1% or 1ml/ lt of water | 0.1% or 1ml/ lt of water | 0.1% or 1ml/ lt of water | 0.1% or 1ml/ lt of water | 0.1% or 1ml/ lt of water | 0.1% or 1ml/ lt of water | 0.1% or 1ml/ lt of water,https://www.indofil.com/agro//fungicides/plumage
22,Share,Indofill,Suphur 40 % SC,Fungicides,Cluster Beans | Cumin | Grapes | Groundnut | Mango | Opium | Peas | Roses,Powdery Mildew | Powdery Mildew | Powdery Mildew | Tikka Leaf Spot | Powdery Mildew | Powdery Mildew | Powdery Mildew | Powdery Mildew,5650 - 7500 | 3500 | 3500 | 5650 - 7500 | 3750 - 5000 | 3000 | 5650 - 7500 | 3750 - 5000,https://www.indofil.com/agro//fungicides/share
23,Sitara,Indofill,Hexaconazole 5 % EC,Fungicides,Apple | Paddy | Groundnut | Mango,"Scab | Sheath Blight, Blast | Tikka | Powdery Mildew",50ml/ 100 ltr | 1000 | 1500 | 0.1 % (100 ml/ 100 liters),https://www.indofil.com/agro//fungicides/sitara
24,Sitara Plus,Indofill,Hexaconazole 5 % SC,Fungicides,Mango | Rice | Grapes,Powdery Mildew | Sheath Blight | Powdery Mildew,0.2 % or 200 ml /100 Liters of water | 0.2 % or 200 ml /100 Liters of water | 500 -1000 ml,https://www.indofil.com/agro//fungicides/sitara-plus
25,Sprint,Indofill,Mancozeb 50% + Carbendazim 25%  WP,Fungicides,Groundnut | Potato | Paddy | Wheat | Black Gram | Bengal Gram | Soybean | Onion | Maize,"Collar rot, Dry root rot, Tikka Leaf spot | Late blight, Black Scurf | Brown Spot, Blast, Sheath Blight | Loose smut | Root rot, Collar Rot | Dry root rot, Collar rot | Root rot, Collar Rot | Damping Off | Seed rot, Seedling blight",30-35 | 6-7 | 30-35 | 30-35 | 30 | 30 | 30 | 30 | 30,https://www.indofil.com/agro//fungicides/sprint
26,Trucop,Indofill,Copper oxychloride 50% WP,Fungicides,Banana | Betel | Chillies | Citrus | Cardamom | Leaf Rot | Coffee | Paddy | Coconut | Potato | Tea | Black rot and rust | Tobacco | Tomato | Grapes,"Leaf spot, Fruit rot | Leaf spot, foot rot | Leaf spot, Fruit rot | Canker, Foot rot | Clump rot | 2.5 | Black Rot, Rust | Brown leaf spot | Bud Rot | Early blight & Late blight | Blister Blight | 0.6 | Frog eye lead, Black shank | Early blight & Late blight | Downy Mildew",2.5 | 2.5 | 2.5 | 2.5 | 3.75-5.5 | 750-1000 | 3.75-5.5 | 2.5 | 2.5 | 2.5 | 0.42 | 125 | 2.5 | 2.5 | 2.5,https://www.indofil.com/agro//fungicides/trucop
27,Oxygold,Indofill,Oxyfluorfen 23.5 %EC,Herbicides,Rice (transplanted) | Tea | Potato | Onion | Groundnut,"Echinochloa spp, Cyrus irea, Eclipta alba | Digiteria imperta, Paspalum, Borreria , Hispidia | Chenopodium, Coronopus, Cyperus heliotropium, Trianthema | Chenopodium, Amaranthus viridis | Echinochloa colonum, Digiteria, Arginata",650 - 1000 | 650 - 1000 | 425 - 850 | 425 - 850 | 425 - 850,https://www.indofil.com/agro//herbicides/oxygold
28,Killog,Indofill,Pyrazosulfuron Ethyl 10% WP,Herbicides,Transplanted Rice,"Cyperus iria, Cyperus difformis, Fimbristylis miliacea, Monochoria vaginalis, Ludwigia parviflora",100- 150,https://www.indofil.com/agro//herbicides/killog
29,Nami,Indofill,Bispyribac Sodium 10% SC,Herbicides,Rice (Nursery) | Rice (Transplanted) | Rice (Direct seeded),"Echinochloa crusgalli, Echinochloa colonum,
			Ischaemum rugosum, Cyperus difformis,
			Cyperus iria, Fimbristylis miliacea,
			Eclipta alba, Ludwigia  parviflora,
			Monochoria vaginalis,
			Alternanthera philoxeroides,
			Sphenoclcea zeylenica | 200 - 250 | 200 - 250",200 | 300 | 300,https://www.indofil.com/agro//herbicides/nami
30,Indofil Mix,Indofill,Metsulfuron methyl 10% + Chlorimuron ethyl 10% WP,Herbicides,Direct sown Rice (Puddled condition) | Transplanted Rice (Post emergence application) | Transplanted Rice (Pre emergence application),"Cyperus haspan, Fimbristylis, milliacea, Monochoria vaginalis, Cyperus difformis, Marsilea quadrifolia | Cyperus iria, Cyperus difformis, Bergia capensis, Sagittaria sagittifolia, Commelina benghalensis, Fimbristylis milliacea, Eclipta alba Monochoria vaginalis, Marsilea quadrifolia, Sphenoclea zeylanica | Cyperus iria, Cyperus difformis, Fimbristylis milliacea, Eclipta, alba, Ludwigia parviflora, Cyanotis axilaris, Monochoria vaginalis, Marsilea quadrifolia,",20 | 20 | 20,https://www.indofil.com/agro//herbicides/indofil-mix
31,Society,Indofill,Propaquizafop 10% EC,Herbicides,Soybean (Glycinemax) | Black Gram (Vignamungo) | Onion,"Barnyard Grass
				(Echinochloa Colonum)
				(Echinochloa Crusgalli)
Crab Grass
				(Digitaria Sanguinalis)
Crows Foot Grass
				(Dactyloctenium Aegyptium)
Goose Grass
				(Eleusine Indica) | Barnyard Grass
				(Echinochloa Colonum)
Crows Foot Grass
				(Dactyloctenium Aegyptium)
Crab Grass
				(Digitaria Sanguinalis)
Goose Grass
				(Eleusine Indica) | Echinochloa Colonum,
Digiteria Sanguinalis,
Dactyloctenium Eigyptium,
Phalaris Minor",500 - 750 | 750 - 1000 | 625,https://www.indofil.com/agro//herbicides/society
32,Bigul,Indofill,Fluazifop p butyl 11.1 + Fomesafen 11.1 SL,Herbicides,Soybean | Groundnut,"Echinochloa colona, Digitaria sp, Eleusine indica, Dactyloctenium, aegyptium, Brachiaria reptans, Commelina benghalensis, Digera arvensis, Trianthema sp., Phyllanthus niruri, Aclypha indica, Dinebra arbica | Echinochloa colona, Digitaria sp., Eleusine indica, Dactyloctenium, aegyptium, Commelina benghalensis, Eluropus villosus, Indigofera glandulosa, Chloris barbata, Trianthema sp., Digera arvensis, Cleome viscose, Phyllanthus niruri, Amaranthus virdis, Cyperus sp.",1000 | 1000,https://www.indofil.com/agro//herbicides/bigul
33,Pixo,Indofill,Pyrithiobac Sodium 10% SC,Herbicides,Cotton Gossypium,"Trianthema spp (satti) Chenopodium Spp. (bathua), Digera Spp (Tendala) Amaranthus Spp Celosia Argentia",625-750,https://www.indofil.com/agro//herbicides/pixo
34,Pixo Maxima,Indofill,Pyrithiobac Sodium 6% + Quizalofop Ethyl 4% MEC,Herbicides,Cotton,Trianthema spp Digera spp Celosia argentia Dinebra retroflexa Digitaria marginata,1000-1250,https://www.indofil.com/agro//herbicides/pixo-maxima
35,Tadka 71,Indofill,Glyphosate 71% SG,Herbicides,Tea & Non Crop Area,Acalypha indica Ageratum conyzoides Cychorium intybus Digera arvensis Cynondon dactylon Cyperus rotunedus Digitaria sanguinalis Eragrostis spp. Ipomea digitarea Paspalum conjugatum Sida aculata,3000,https://www.indofil.com/agro//herbicides/tadka-71
36,Chase,Indofill,Metribuzin 70% WP,Herbicides,Sugarcane | Potato | Tomato | Wheat | Soybean,"Cyperus rotundus. Cynadon dactylon, Asfodelus fistulosis. Chenopodium album, Convalvulus arvensis. Portulaca oleracea. Anagalis arvensis. Cicharium intybus, Echinochloa colonum, Dactyloctenium aegyptium. Partheium hysferophorus, Commelina sp | Chenopodium album, Trianthema monogyna, Partheium hysferophorus, Fumaria parviflora, Melilotus sp, Phalaris minor | Trianthema portulacastrum„ Amaranthus viridis. Gynandropsis pentaphylla. portulaca oleracea, Digera arvensis. Eupharbia frustrata, Echinochloa colonum. Ageratus conyzoides. Eleusine indica. Setaria glauca, Commelina ben halensis. | Phalaris minor Chenopodium album Melilotus sp | Digitaria sp. Cyperus esculentus. Cyperus campestris. Borreria sp",Pre-emergence at first wapsa condition for 3-5 days after planting OR Post- Emergence 25 - 30 Days after planting | Pre-emrgence at first wapsa condition for 3-4 days after planting OR Post-emergence between emergence and time when the first potato plant has reached height of 5 cm. | Pre-Planting week before Transplanting OR Post-Planting IS Days after transplanting | Post-emergence 35 days after sowing of crop | Pre-emergence 1-2 days’ after sowing,https://www.indofil.com/agro//herbicides/chase
37,Golf,Indofill,Pinoxaden 5.1% EC,Herbicides,Wheat,"Phalaris minor (Canery Grass), Avena ludoviciana",800-900,https://www.indofil.com/agro//herbicides/golf
38,Passport,Indofill,Imazethapyr 10% SL,Herbicides,Soybean | Groundnut,"Cyperus difformis. Echinochloa colonum, 
			Echinochloa crusgalli, Euphorbia hirta,
			Croton sperrsifiours. Digera arvensis | Commelia benghalensis, Cyperus difformis, Trianthema partulacastrum,
			Commelina benghalensis, Eragrostis pilosa",750 - 1000 | 1000 - 1500,https://www.indofil.com/agro//herbicides/passport
39,Agent Capsule,Indofill,Lambda- Cyhalothrin 4.9% CS,Insecticides,Cotton,Bollworms,500,https://www.indofil.com/agro//insecticides/agent-capsule
40,Agent Plus,Indofill,Lambda - Cyhalothrin 5% EC,Insecticides,Cotton | Rice | Brinjal | Tomato,"Bollworms, Jassids, Thrips | Stem borer, Leaf Folder, Green leaf hopper, BPH, WBPH, Whorl maggot, Thrips, Gall midge, Hispa | Shoot and Fruit borer | Fruit borer",300-500 | 250 | 300 | 300,https://www.indofil.com/agro//insecticides/agent-plus
41,Akhdir,Indofill,Thiamethoxam 30% FS,Insecticides,Cotton | Sorghum | Okra | Maize | Wheat | Rice (Paddy) | Sunflower | Chilli | Soybean,"Jassids, Aphids, Whiteflies | Shoot fly | Jassids | Shoot fly | Termites | Thrips, GLH, Whorl maggot | Jassids, Thrips | Thrips | Stem fly",10 ml per kg seed | 10 ml per kg seed | 5.7 ml per kg seed | 8.0 ml per kg seed | 3.3 ml per kg seed | 3.0 ml per kg seed | 10 ml per kg seed | 7.0 ml per kg seed | 10 ml per kg seed,https://www.indofil.com/agro//insecticides/akhdir
42,Alecto,Indofill,Broflanilide 20% SC,Insecticides,Chilli | Brinjal | Cabbage | Okra,"Fruit Borer, Tobacco Caterpillar, Thrips & Jassids | Shoot & Fruit Borer, Thrips & Jassids | Diamond Back Moth & Tobacco Caterpillar | Fruit & Shoot Borer, Thrips & Jassids",125 | 125 | 125 | 125,https://www.indofil.com/agro//insecticides/alecto
43,Atom,Indofill,Imidacloprid 17.8 SL,Insecticides,Cotton | Paddy | Chillies | Sugarcane | Sunflower | Okra,"Aphid, White fly, Jassid, Thrips | Brown Plant Hopper, White Backed Plant Hopper, Green Leaf Hopper | Jassid, Aphid, Thrips | Termite | Jassids, Thrips, Whitefly | Aphids, Jassids, Thrips",100-125 | 100-125 | 125-250 | 350 | 100 | 100,https://www.indofil.com/agro//insecticides/atom
44,Atom Power,Indofill,Imidacloprid 30.5% M/M SC,Insecticides,Cotton | Rice,"Jassids, Aphids, Thrips | BPH & WBPH",60-75 | 60-75,https://www.indofil.com/agro//insecticides/atom-power
45,Click,Indofill,Thiamethoxam 25% WG,Insecticides,Cotton | Whitefly | Rice | Okra | Wheat | Mango | Mustard | Tomato | Brinjal | Tea | Potato | Citrus | Soil Drenching | Cumin,"Jassids, Aphids, Thrips | 200 | Stem borer, Gall Midge, Leaf folder, BPH, WBPH, Green leaf hopper, Thrips | Jassids, Aphids | Aphids | Hopper | Aphids | Whitefly | Whitefly and Jassids | Mosquito bug, Helopeltis theivora | Aphids | Psylla | Aphids | Aphids",100 | 500-750 | 100 | 100 | 50 | 100 | 50-100 | 200 | 200 | 100 | 100 | 100 | 200 | 100,https://www.indofil.com/agro//insecticides/click
46,Dammu,Indofill,Propargite 50% + Bifenthrin 5% SE,Insecticides,Okra | Tomato,"Mites, White fly | Mites, White fly",1100-1150 | 1100-1150,https://www.indofil.com/agro//insecticides/dammu
47,Flash,Indofill,Quinalphos 25 EC,Insecticides,Paddy |  |  |  | Red gram | Jute | Chilli | Mite | Citrus Butterfly | Cardamom | Tea,"BPH | Hispa/blue beetle | Leaf folder | Stem borer | Pod borer, pod fly | Leaf roller, Semi looper, Yellow mite | Aphid | 1500 | 1500-2000 | Thrips | Thrips",1500 | 2000 | 1000 | 1300 | 1400 | 1500 | 1000 | 500-1000 | 500-1000 | 600-1200 | 760,https://www.indofil.com/agro//insecticides/flash
48,Gem,Indofill,Alphamethrin 10 EC,Insecticides,Cotton,Boll worm complex,165-280,https://www.indofil.com/agro//insecticides/gem
49,Indodiafen,Indofill,Diafenthiuron 50% WP,Insecticides,Cabbage | Cotton | Brinjal | Okra | Tomato | Watermelon | Chilli,"DBM | Whiteflies, Aphids, Thrips, Jassids | Whitefly | Whitefly, Red Spider mites and jassids | Whitefly, Red Spider mites and jassids | Whitefly, Red Spider mites | Mites",600 | 600 | 600 | 600 | 600 | 600 | 600,https://www.indofil.com/agro//insecticides/indodiafen
50,Lift,Indofill,Acetamiprid 20% SP,Insecticides,Cotton | Jassids | Aphids,Whiteflies | 50 | 50,100 | 500-600 | 500-600,https://www.indofil.com/agro//insecticides/lift
51,Oopiri,Indofill,Diafenthiuron 40.1 + Acetamiprid 3.9% WP,Insecticides,Cotton | Chili,"Aphids, Jassids, Thrips, mites, whitefly | Thrips, Mites and Whitefly",500-600 | 500-600,https://www.indofil.com/agro//insecticides/oopiri
52,Rimon,Indofill,Novaluron 10 % EC,Insecticides,Cotton | Cabbage | Tomato,American Boll Worm | Diamond Back moth | Fruit borer (Helicoverpa armigera),1000 | 750 | 750,https://www.indofil.com/agro//insecticides/rimon
53,Sapper,Indofill,Dinotefuran 4% + Acephate 50% w/w SG,Insecticides,Cotton | Rice,"Aphids, Jassid | Brown Plant Hopper & white Backed Plant Hopper",880 | 500,https://www.indofil.com/agro//insecticides/sapper
54,Skystar,Indofill,Dinotefuran 15% + Pymetrozine 45% WG,Insecticides,Rice,"Brown Plant Hopper (Nilaparvata lugens), White Backed Plant Hopper (Sogatella furcifera), Green Leaf Hopper (Nephotettix virescens), Rice Earhead Bug (Leptocorisa acuta)",333,https://www.indofil.com/agro//insecticides/skystar
55,Stalker SC,Indofill,Fipronil 5 SC (5% w/w),Insecticides,Chilli | Cabbage | Sugarcane | Rice,"Thrips, Aphids and Fruit Borer | Diamond-back Moth | Early Shoot Borer and Root Borer | Stem Borer, BPH, Green Leaf Hopper, Leaf folder, Gall Midge, Whorl Maggot, WBPH",800-1000 | 800-1000 | 1500-2000 | 1000-1500,https://www.indofil.com/agro//insecticides/stalker-sc
56,Token,Indofill,Dinotefuran 20% SG,Insecticides,Cotton | Rice,"Whiteflies, Jassids, Aphids, Thrips | BPH",125-150 | 150-200,https://www.indofil.com/agro//insecticides/token
57,Volax,Indofill,Emamectin Benzoate 5% SG,Insecticides,Cotton | Okra,Bollworms | Fruit & shoot borer,10-220 | 135-170,https://www.indofil.com/agro//insecticides/volax
58,Ethefol,Indofill,Ethephon 39% SL,PGRS,,,,https://www.indofil.com/agro//pgrs/ethefol
59,Filwet Premium,Indofill,Silicon based surfactant,Surfactants,,,,https://www.indofil.com/agro//surfactants/filwet-premium
60,Indtron AE,Indofill,Non - Ionic surfactant,Surfactants,,,,https://www.indofil.com/agro//surfactants/indtron-ae
